id	effectiveTime	active	moduleId	conceptId	languageCode	typeId	term	caseSignificanceId
300015	20170731	1	900000000000207008	127012008	en	900000000000013009	Lipoatrophic diabetes	900000000000448009
5649018	20170731	1	900000000000207008	2751001	en	900000000000013009	Fibrocalculous pancreatic diabetes	900000000000448009
8973010	20020131	1	900000000000207008	4783006	en	900000000000013009	Maternal diabetes mellitus with hypoglycemia affecting fetus OR newborn	900000000000020002
9986011	20170731	1	900000000000207008	5368009	en	900000000000013009	Drug-induced diabetes mellitus	900000000000448009
10928019	20170731	1	900000000000207008	5969009	en	900000000000013009	Diabetes mellitus associated with genetic syndrome	900000000000448009
15518018	20170731	1	900000000000207008	8801005	en	900000000000013009	Secondary diabetes mellitus	900000000000448009
19931010	20170731	1	900000000000207008	11530004	en	900000000000013009	Brittle diabetes	900000000000448009
20191016	20170731	1	900000000000207008	11687002	en	900000000000013009	Gestational diabetes mellitus	900000000000448009
38709010	20020131	1	900000000000207008	23045005	en	900000000000013009	Insulin dependent diabetes mellitus type IA	900000000000020002
40622013	20020131	1	900000000000207008	24203005	en	900000000000013009	Extreme insulin resistance with acanthosis nigricans, hirsutism AND abnormal insulin receptors	900000000000020002
40624014	20020131	1	900000000000207008	24203005	en	900000000000013009	Extreme insulin resistance type A	900000000000020002
46924017	20020131	1	900000000000207008	28032008	en	900000000000013009	Insulin dependent diabetes mellitus type IB	900000000000020002
55997018	20020131	1	900000000000207008	33559001	en	900000000000013009	Pineal hyperplasia AND diabetes mellitus syndrome	900000000000020002
55999015	20020131	1	900000000000207008	33559001	en	900000000000013009	Mendenhall syndrome	900000000000017005
56000018	20020131	1	900000000000207008	33559001	en	900000000000013009	Rabson-Mendenhall syndrome	900000000000017005
71673016	20170731	1	900000000000207008	42954008	en	900000000000013009	Diabetes mellitus associated with receptor abnormality	900000000000448009
73465010	20020131	1	900000000000207008	44054006	en	900000000000013009	Diabetes mellitus type II	900000000000020002
77728011	20020131	1	900000000000207008	46635009	en	900000000000013009	Diabetes mellitus type I	900000000000020002
82979011	20170731	1	900000000000207008	49817004	en	900000000000013009	Neonatal diabetes mellitus	900000000000448009
84990019	20170731	1	900000000000207008	51002006	en	900000000000013009	Diabetes mellitus associated with pancreatic disease	900000000000448009
96244016	20170731	1	900000000000207008	57886004	en	900000000000013009	Protein-deficient diabetes mellitus	900000000000448009
98179015	20170731	1	900000000000207008	59079001	en	900000000000013009	Diabetes mellitus associated with hormonal etiology	900000000000448009
117424010	20020131	1	900000000000207008	70694009	en	900000000000013009	Marquardt-Loriaux syndrome	900000000000017005
117425011	20020131	1	900000000000207008	70694009	en	900000000000013009	DIDMOAD syndrome	900000000000017005
121589010	20170731	1	900000000000207008	73211009	en	900000000000013009	Diabetes mellitus	900000000000448009
125439011	20170731	1	900000000000207008	75524006	en	900000000000013009	Malnutrition related diabetes mellitus	900000000000448009
127435018	20020131	1	900000000000207008	76751001	en	900000000000013009	Diabetes mellitus in mother complicating pregnancy, childbirth AND/OR puerperium	900000000000020002
151354012	20170731	1	900000000000207008	91352004	en	900000000000013009	Insulinopathy	900000000000448009
178539014	20170731	1	900000000000207008	111307005	en	900000000000013009	Leprechaunism syndrome	900000000000448009
187733017	20020131	1	900000000000207008	111307005	en	900000000000013009	Donohue syndrome	900000000000017005
192252019	20020131	1	900000000000207008	123763000	en	900000000000013009	Houssay's syndrome	900000000000017005
197761014	20170731	1	900000000000207008	44054006	en	900000000000013009	Type 2 diabetes mellitus	900000000000448009
197763012	20170731	1	900000000000207008	44054006	en	900000000000013009	Diabetes mellitus type 2	900000000000448009
197984010	20020131	1	900000000000207008	46635009	en	900000000000013009	Type 1 diabetes mellitus	900000000000017005
197985011	20170731	1	900000000000207008	46635009	en	900000000000013009	Diabetes mellitus type 1	900000000000448009
200951011	20170731	1	900000000000207008	81531005	en	900000000000013009	Diabetes mellitus type 2 in obese	900000000000448009
201576014	20170731	1	900000000000207008	91352004	en	900000000000013009	Diabetes mellitus due to structurally abnormal insulin	900000000000448009
205214013	20170731	1	900000000000207008	127012008	en	900000000000013009	Lipodystrophic diabetes	900000000000448009
292538019	20020131	1	900000000000207008	190368000	en	900000000000013009	Type I diabetes mellitus with ulcer	900000000000017005
292539010	20170731	1	900000000000207008	190368000	en	900000000000013009	Insulin-dependent diabetes mellitus with ulcer	900000000000448009
292540012	20020131	1	900000000000207008	190368000	en	900000000000013009	Type 1 diabetes mellitus with ulcer	900000000000017005
292551012	20020131	1	900000000000207008	190372001	en	900000000000013009	Type I diabetes mellitus maturity onset	900000000000017005
292552017	20170731	1	900000000000207008	190372001	en	900000000000013009	Insulin-dependent diabetes maturity onset	900000000000448009
292553010	20020131	1	900000000000207008	190372001	en	900000000000013009	Type 1 diabetes mellitus maturity onset	900000000000017005
292579018	20020131	1	900000000000207008	190389009	en	900000000000013009	Type 2 diabetes mellitus with ulcer	900000000000017005
292581016	20020131	1	900000000000207008	190389009	en	900000000000013009	Type II diabetes mellitus with ulcer	900000000000017005
292667010	20170731	1	900000000000207008	190447002	en	900000000000013009	Steroid-induced diabetes	900000000000448009
306106018	20170731	1	900000000000207008	199223000	en	900000000000013009	Diabetes mellitus during pregnancy, childbirth and the puerperium	900000000000448009
306114012	20170731	1	900000000000207008	199231005	en	900000000000013009	Pre-existing malnutrition-related diabetes mellitus	900000000000448009
356077018	20170731	1	900000000000207008	237600004	en	900000000000013009	Malnutrition-related diabetes mellitus - fibrocalculous	900000000000448009
356078011	20170731	1	900000000000207008	237601000	en	900000000000013009	Secondary endocrine diabetes mellitus	900000000000448009
356081018	20170731	1	900000000000207008	237603002	en	900000000000013009	Transitory neonatal diabetes mellitus	900000000000448009
356082013	20020131	1	900000000000207008	237604008	en	900000000000013009	Diabetes mellitus autosomal dominant type II	900000000000020002
356083015	20020131	1	900000000000207008	237604008	en	900000000000013009	Maturity onset diabetes in youth type II	900000000000020002
356085010	20170731	1	900000000000207008	237604008	en	900000000000013009	Maturity onset diabetes in youth type 2	900000000000448009
356098018	20170731	1	900000000000207008	237611007	en	900000000000013009	Muscular atrophy, ataxia, retinitis pigmentosa, and diabetes mellitus	900000000000448009
356099014	20170731	1	900000000000207008	237612000	en	900000000000013009	Photomyoclonus, diabetes mellitus, deafness, nephropathy and cerebral dysfunction	900000000000448009
356100018	20020131	1	900000000000207008	237612000	en	900000000000013009	Herrmann syndrome	900000000000017005
356108013	20170731	1	900000000000207008	237617006	en	900000000000013009	Megaloblastic anemia, thiamine-responsive, with diabetes mellitus and sensorineural deafness	900000000000448009
356109017	20020131	1	900000000000207008	237617006	en	900000000000013009	Rogers syndrome	900000000000017005
356110010	20170731	1	900000000000207008	237617006	en	900000000000013009	Megaloblastic anaemia, thiamine-responsive, with diabetes mellitus and sensorineural deafness	900000000000448009
356117013	20020131	1	900000000000207008	237619009	en	900000000000013009	Ballinger-Wallace syndrome	900000000000017005
356118015	20170731	1	900000000000207008	237619009	en	900000000000013009	Diabetes-deafness syndrome maternally transmitted	900000000000448009
356181016	20020131	1	900000000000207008	237651005	en	900000000000013009	Insulin resistance - type A	900000000000020002
356182011	20020131	1	900000000000207008	237652003	en	900000000000013009	Insulin resistance - type B	900000000000020002
429970018	20020131	1	900000000000207008	290002008	en	900000000000013009	Unstable type I diabetes mellitus	900000000000020002
429971019	20170731	1	900000000000207008	290002008	en	900000000000013009	Unstable type 1 diabetes mellitus	900000000000448009
474213016	20170731	1	900000000000207008	359642000	en	900000000000013009	Diabetes mellitus type 2 in nonobese	900000000000448009
493774016	20140731	1	900000000000207008	44054006	en	900000000000013009	Type II diabetes mellitus	900000000000020002
494564012	20020131	1	900000000000207008	46635009	en	900000000000013009	Type I diabetes mellitus	900000000000017005
494932011	20150131	1	900000000000207008	4783006	en	900000000000013009	Maternal diabetes mellitus with hypoglycaemia affecting fetus OR newborn	900000000000020002
498344013	20170731	1	900000000000207008	59079001	en	900000000000013009	Diabetes mellitus associated with hormonal aetiology	900000000000448009
498512013	20170731	1	900000000000207008	5969009	en	900000000000013009	Genetic syndromes of diabetes mellitus	900000000000448009
502372015	20020131	1	900000000000207008	73211009	en	900000000000013009	DM - Diabetes mellitus	900000000000017005
573938016	20030731	1	900000000000207008	190368000	en	900000000000003001	Type I diabetes mellitus with ulcer (disorder)	900000000000017005
573942018	20030731	1	900000000000207008	190372001	en	900000000000003001	Type I diabetes mellitus maturity onset (disorder)	900000000000017005
573961019	20030731	1	900000000000207008	190389009	en	900000000000003001	Type II diabetes mellitus with ulcer (disorder)	900000000000017005
574026018	20170731	1	900000000000207008	190447002	en	900000000000003001	Steroid-induced diabetes (disorder)	900000000000448009
583828019	20170731	1	900000000000207008	199223000	en	900000000000003001	Diabetes mellitus during pregnancy, childbirth and the puerperium (disorder)	900000000000448009
583836011	20170731	1	900000000000207008	199231005	en	900000000000003001	Pre-existing malnutrition-related diabetes mellitus (disorder)	900000000000448009
626352018	20170731	1	900000000000207008	237600004	en	900000000000003001	Malnutrition-related diabetes mellitus - fibrocalculous (disorder)	900000000000448009
626353011	20170731	1	900000000000207008	237601000	en	900000000000003001	Secondary endocrine diabetes mellitus (disorder)	900000000000448009
626355016	20170731	1	900000000000207008	237603002	en	900000000000003001	Transitory neonatal diabetes mellitus (disorder)	900000000000448009
626365010	20170731	1	900000000000207008	237611007	en	900000000000003001	Muscular atrophy, ataxia, retinitis pigmentosa, and diabetes mellitus (disorder)	900000000000448009
626366011	20170731	1	900000000000207008	237612000	en	900000000000003001	Photomyoclonus, diabetes mellitus, deafness, nephropathy and cerebral dysfunction (disorder)	900000000000448009
626372011	20170731	1	900000000000207008	237617006	en	900000000000003001	Megaloblastic anemia, thiamine-responsive, with diabetes mellitus and sensorineural deafness (disorder)	900000000000448009
626410010	20020131	1	900000000000207008	237651005	en	900000000000003001	Insulin resistance - type A (disorder)	900000000000020002
626411014	20020131	1	900000000000207008	237652003	en	900000000000003001	Insulin resistance - type B (disorder)	900000000000020002
630163011	20170731	1	900000000000207008	111307005	en	900000000000003001	Leprechaunism syndrome (disorder)	900000000000448009
683033017	20170731	1	900000000000207008	11687002	en	900000000000003001	Gestational diabetes mellitus (disorder)	900000000000448009
726830015	20030731	1	900000000000207008	123763000	en	900000000000003001	Houssay's syndrome (disorder)	900000000000017005
731048015	20170731	1	900000000000207008	127012008	en	900000000000003001	Lipoatrophic diabetes (disorder)	900000000000448009
731726017	20170731	1	900000000000207008	359642000	en	900000000000003001	Diabetes mellitus type 2 in nonobese (disorder)	900000000000448009
752521015	20020131	1	900000000000207008	23045005	en	900000000000003001	Insulin dependent diabetes mellitus type IA (disorder)	900000000000020002
753814015	20020131	1	900000000000207008	24203005	en	900000000000003001	Extreme insulin resistance with acanthosis nigricans, hirsutism AND abnormal insulin receptors (disorder)	900000000000020002
758086013	20170731	1	900000000000207008	2751001	en	900000000000003001	Fibrocalculous pancreatic diabetes (disorder)	900000000000448009
758667016	20020131	1	900000000000207008	28032008	en	900000000000003001	Insulin dependent diabetes mellitus type IB (disorder)	900000000000020002
764977014	20020131	1	900000000000207008	33559001	en	900000000000003001	Pineal hyperplasia AND diabetes mellitus syndrome (disorder)	900000000000020002
779911018	20170731	1	900000000000207008	42954008	en	900000000000003001	Diabetes mellitus associated with receptor abnormality (disorder)	900000000000448009
781138016	20170731	1	900000000000207008	44054006	en	900000000000003001	Diabetes mellitus type 2 (disorder)	900000000000448009
784006012	20170731	1	900000000000207008	46635009	en	900000000000003001	Diabetes mellitus type 1 (disorder)	900000000000448009
785332017	20020131	1	900000000000207008	4783006	en	900000000000003001	Maternal diabetes mellitus with hypoglycemia affecting fetus OR newborn (disorder)	900000000000020002
787537013	20170731	1	900000000000207008	49817004	en	900000000000003001	Neonatal diabetes mellitus (disorder)	900000000000448009
788854014	20170731	1	900000000000207008	51002006	en	900000000000003001	Diabetes mellitus associated with pancreatic disease (disorder)	900000000000448009
791827016	20170731	1	900000000000207008	5368009	en	900000000000003001	Drug-induced diabetes mellitus (disorder)	900000000000448009
796557016	20170731	1	900000000000207008	57886004	en	900000000000003001	Protein-deficient diabetes mellitus (disorder)	900000000000448009
797881013	20170731	1	900000000000207008	59079001	en	900000000000003001	Diabetes mellitus associated with hormonal etiology (disorder)	900000000000448009
798560017	20170731	1	900000000000207008	5969009	en	900000000000003001	Diabetes mellitus associated with genetic syndrome (disorder)	900000000000448009
813575016	20170731	1	900000000000207008	73211009	en	900000000000003001	Diabetes mellitus (disorder)	900000000000448009
816144014	20170731	1	900000000000207008	75524006	en	900000000000003001	Malnutrition related diabetes mellitus (disorder)	900000000000448009
817506017	20020131	1	900000000000207008	76751001	en	900000000000003001	Diabetes mellitus in mother complicating pregnancy, childbirth AND/OR puerperium (disorder)	900000000000020002
822813015	20170731	1	900000000000207008	81531005	en	900000000000003001	Diabetes mellitus type 2 in obese (disorder)	900000000000448009
830605015	20170731	1	900000000000207008	8801005	en	900000000000003001	Secondary diabetes mellitus (disorder)	900000000000448009
834649012	20170731	1	900000000000207008	91352004	en	900000000000003001	Diabetes mellitus due to structurally abnormal insulin (disorder)	900000000000448009
1185745015	20240201	1	900000000000207008	11530004	en	900000000000003001	Brittle diabetes mellitus (disorder)	900000000000448009
1219628016	20080731	1	900000000000207008	111307005	en	900000000000013009	Donohue's syndrome	900000000000017005
1219629012	20170731	1	900000000000207008	111307005	en	900000000000013009	Leprechaunism	900000000000448009
1220208016	20170731	1	900000000000207008	11530004	en	900000000000013009	Labile diabetes	900000000000448009
1220319015	20170731	1	900000000000207008	11687002	en	900000000000013009	Gestational diabetes	900000000000448009
1220320014	20170731	1	900000000000207008	11687002	en	900000000000013009	Maternal gestational diabetes mellitus	900000000000448009
1220321013	20170731	1	900000000000207008	11687002	en	900000000000013009	Diabetes mellitus arising in pregnancy	900000000000448009
1223147012	20020731	1	900000000000207008	237599002	en	900000000000013009	Insulin treated Type II diabetes mellitus	900000000000020002
1228082013	20170731	1	900000000000207008	33559001	en	900000000000013009	Pineal hyperplasia, insulin-resistant diabetes mellitus and somatic abnormalities	900000000000448009
1230929011	20170731	1	900000000000207008	51002006	en	900000000000013009	Secondary pancreatic diabetes mellitus	900000000000448009
1231774017	20170731	1	900000000000207008	57886004	en	900000000000013009	Malnutrition-related diabetes mellitus - protein-deficient	900000000000448009
1233307015	20200731	1	900000000000207008	70694009	en	900000000000013009	Wolfram syndrome	900000000000017005
2157525015	20170731	1	900000000000207008	405749004	en	900000000000013009	Newly diagnosed diabetes	900000000000448009
2160090014	20170731	1	900000000000207008	408540003	en	900000000000013009	Diabetes mellitus induced by non-steroid drugs	900000000000448009
2163991011	20040131	1	900000000000207008	408540003	en	900000000000013009	DM induced by non-steroid drug	900000000000017005
2475901019	20040731	1	900000000000207008	237651005	en	900000000000013009	Type A insulin resistance	900000000000020002
2532367019	20170731	1	900000000000207008	276560009	en	900000000000013009	Diabetes mellitus in neonate small for gestational age	900000000000448009
2658852011	20170731	1	900000000000207008	11530004	en	900000000000013009	Brittle diabetes mellitus	900000000000448009
2661426018	20170731	1	900000000000207008	427089005	en	900000000000003001	Diabetes mellitus due to cystic fibrosis (disorder)	900000000000448009
2662497017	20170731	1	900000000000207008	426875007	en	900000000000003001	Latent autoimmune diabetes mellitus in adult (disorder)	900000000000448009
2674066012	20070731	1	900000000000207008	426875007	en	900000000000013009	Latent autoimmune diabetes mellitus in adult (LADA)	900000000000020002
2674067015	20170731	1	900000000000207008	426875007	en	900000000000013009	Latent autoimmune diabetes mellitus in adult	900000000000448009
2675251010	20170731	1	900000000000207008	427089005	en	900000000000013009	Diabetes mellitus due to cystic fibrosis	900000000000448009
2793312010	20090131	1	900000000000207008	4783006	en	900000000000013009	Maternal diabetes mellitus with hypoglycaemia affecting foetus OR newborn	900000000000020002
2840651011	20100131	1	900000000000207008	444110003	en	900000000000013009	Type II diabetes mellitus well controlled	900000000000020002
2840930011	20100131	1	900000000000207008	444074000	en	900000000000013009	Type I diabetes mellitus well controlled	900000000000020002
2842075017	20100131	1	900000000000207008	444073006	en	900000000000013009	Type I diabetes mellitus uncontrolled	900000000000020002
2842280018	20100131	1	900000000000207008	123763000	en	900000000000013009	Houssay syndrome	900000000000017005
2842387018	20100131	1	900000000000207008	443694000	en	900000000000013009	Type II diabetes mellitus uncontrolled	900000000000020002
2869924012	20170731	1	900000000000207008	445260006	en	900000000000003001	Posttransplant diabetes mellitus (disorder)	900000000000448009
2870780015	20100731	1	900000000000207008	445353002	en	900000000000013009	Brittle type II diabetes mellitus	900000000000020002
2870781016	20100731	1	900000000000207008	445353002	en	900000000000013009	Labile type II diabetes mellitus	900000000000020002
2870782011	20100731	1	900000000000207008	445353002	en	900000000000013009	Unstable type II diabetes mellitus	900000000000020002
2871747019	20170731	1	900000000000207008	11530004	en	900000000000013009	Unstable diabetes mellitus	900000000000448009
2871987018	20170731	1	900000000000207008	445260006	en	900000000000013009	Posttransplant diabetes mellitus	900000000000448009
2872487013	20100731	1	900000000000207008	444073006	en	900000000000013009	Type I diabetes mellitus poorly controlled	900000000000020002
2872766016	20170731	1	900000000000207008	290002008	en	900000000000013009	Brittle type 1 diabetes mellitus	900000000000448009
2872767013	20100731	1	900000000000207008	290002008	en	900000000000013009	Brittle type I diabetes mellitus	900000000000020002
2872768015	20100731	1	900000000000207008	290002008	en	900000000000013009	Labile type I diabetes mellitus	900000000000020002
2921019012	20120731	1	900000000000207008	443694000	en	900000000000013009	Type II diabetes mellitus poorly controlled	900000000000020002
2951308019	20170731	1	900000000000207008	472699005	en	900000000000013009	Gestational diabetes mellitus uncontrolled	900000000000448009
2967750014	20170731	1	900000000000207008	444110003	en	900000000000013009	Type 2 diabetes mellitus well controlled	900000000000448009
2967761018	20170731	1	900000000000207008	445353002	en	900000000000013009	Brittle type 2 diabetes mellitus	900000000000448009
2967763015	20170731	1	900000000000207008	444073006	en	900000000000013009	Type 1 diabetes mellitus uncontrolled	900000000000448009
2967774012	20130731	1	900000000000207008	23045005	en	900000000000013009	Insulin dependent diabetes mellitus type 1A	900000000000020002
2967776014	20170731	1	900000000000207008	444074000	en	900000000000013009	Type 1 diabetes mellitus well controlled	900000000000448009
2967789015	20130731	1	900000000000207008	28032008	en	900000000000013009	Insulin dependent diabetes mellitus type 1B	900000000000020002
2967810015	20200131	1	900000000000207008	609568004	en	900000000000013009	Diabetes mellitus due to genetic defect in beta cell function	900000000000448009
2967812011	20170731	1	900000000000207008	199230006	en	900000000000013009	Pre-existing type 2 diabetes mellitus	900000000000448009
2967813018	20170731	1	900000000000207008	609578001	en	900000000000013009	Maturity-onset diabetes of the young, type 11	900000000000448009
2967814012	20170731	1	900000000000207008	609581006	en	900000000000003001	Diabetes mellitus, transient neonatal 3 (disorder)	900000000000448009
2967816014	20170731	1	900000000000207008	609576002	en	900000000000013009	Maturity-onset diabetes of the young, type 9	900000000000448009
2967820013	20170731	1	900000000000207008	237599002	en	900000000000013009	Insulin treated type 2 diabetes mellitus	900000000000448009
2967821012	20170731	1	900000000000207008	609575003	en	900000000000013009	Diabetes-pancreatic exocrine dysfunction syndrome	900000000000448009
2967822017	20170731	1	900000000000207008	609579009	en	900000000000013009	Diabetes mellitus, transient neonatal 1	900000000000448009
2967823010	20170731	1	900000000000207008	609580007	en	900000000000003001	Diabetes mellitus, transient neonatal 2 (disorder)	900000000000448009
2967824016	20170731	1	900000000000207008	609562003	en	900000000000003001	Maturity onset diabetes of the young, type 1 (disorder)	900000000000448009
2967825015	20170731	1	900000000000207008	609576002	en	900000000000003001	Maturity-onset diabetes of the young, type 9 (disorder)	900000000000448009
2967826019	20170731	1	900000000000207008	81531005	en	900000000000013009	Type 2 diabetes mellitus in obese	900000000000448009
2967829014	20170731	1	900000000000207008	609572000	en	900000000000003001	Maturity-onset diabetes of the young, type 5 (disorder)	900000000000448009
2967830016	20170731	1	900000000000207008	609581006	en	900000000000013009	Diabetes mellitus, transient neonatal 3	900000000000448009
2967831017	20170731	1	900000000000207008	609564002	en	900000000000013009	Pre-existing type 1 diabetes mellitus in pregnancy	900000000000448009
2967832012	20170731	1	900000000000207008	237599002	en	900000000000003001	Insulin treated type 2 diabetes mellitus (disorder)	900000000000448009
2967833019	20170731	1	900000000000207008	609569007	en	900000000000013009	Diabetes mellitus due to genetic defect in insulin action	900000000000448009
2967835014	20170731	1	900000000000207008	609575003	en	900000000000003001	Maturity-onset diabetes of the young, type 8 (disorder)	900000000000448009
2967836010	20170731	1	900000000000207008	609573005	en	900000000000003001	Maturity-onset diabetes of the young, type 6 (disorder)	900000000000448009
2967837018	20170731	1	900000000000207008	237627000	en	900000000000013009	Pregnancy and type 2 diabetes mellitus	900000000000448009
2967839015	20170731	1	900000000000207008	609570008	en	900000000000003001	Maturity-onset diabetes of the young, type 3 (disorder)	900000000000448009
2967840018	20170731	1	900000000000207008	609571007	en	900000000000013009	Maturity-onset diabetes of the young, type 4	900000000000448009
2967841019	20170731	1	900000000000207008	237604008	en	900000000000003001	Maturity onset diabetes of the young, type 2 (disorder)	900000000000448009
2967842014	20170731	1	900000000000207008	609563008	en	900000000000003001	Pre-existing diabetes mellitus in pregnancy (disorder)	900000000000448009
2967843016	20170731	1	900000000000207008	609571007	en	900000000000003001	Maturity-onset diabetes of the young, type 4 (disorder)	900000000000448009
2967844010	20170731	1	900000000000207008	359642000	en	900000000000013009	Type 2 diabetes mellitus in nonobese	900000000000448009
2967845011	20130731	1	900000000000207008	609580007	en	900000000000013009	TNDM2	900000000000017005
2967846012	20130731	1	900000000000207008	609579009	en	900000000000013009	TNDM1	900000000000017005
2967847015	20170731	1	900000000000207008	237603002	en	900000000000013009	Transient neonatal diabetes mellitus	900000000000448009
2967848013	20170731	1	900000000000207008	199230006	en	900000000000003001	Pre-existing type 2 diabetes mellitus (disorder)	900000000000448009
2967850017	20170731	1	900000000000207008	609567009	en	900000000000013009	Pre-existing type 2 diabetes mellitus in pregnancy	900000000000448009
2967851018	20170731	1	900000000000207008	609565001	en	900000000000003001	Permanent neonatal diabetes mellitus (disorder)	900000000000448009
2967852013	20170731	1	900000000000207008	609566000	en	900000000000013009	Pregnancy and type 1 diabetes mellitus	900000000000448009
2967853015	20170731	1	900000000000207008	609572000	en	900000000000013009	Maturity-onset diabetes of the young, type 5	900000000000448009
2967855010	20170731	1	900000000000207008	609570008	en	900000000000013009	Maturity-onset diabetes of the young, type 3	900000000000448009
2967856011	20170731	1	900000000000207008	609567009	en	900000000000003001	Pre-existing type 2 diabetes mellitus in pregnancy (disorder)	900000000000448009
2967857019	20130731	1	900000000000207008	609581006	en	900000000000013009	TNDM3	900000000000017005
2967859016	20170731	1	900000000000207008	609579009	en	900000000000003001	Diabetes mellitus, transient neonatal 1 (disorder)	900000000000448009
2967860014	20170731	1	900000000000207008	609563008	en	900000000000013009	Pre-existing diabetes mellitus in pregnancy	900000000000448009
2967861013	20170731	1	900000000000207008	276560009	en	900000000000003001	Diabetes mellitus in neonate small for gestational age (disorder)	900000000000448009
2967862018	20170731	1	900000000000207008	609574004	en	900000000000013009	Maturity-onset diabetes of the young, type 7	900000000000448009
2967863011	20170731	1	900000000000207008	609561005	en	900000000000003001	Maturity-onset diabetes of the young (disorder)	900000000000448009
2967864017	20170731	1	900000000000207008	609565001	en	900000000000013009	Permanent diabetes mellitus of infancy	900000000000448009
2967865016	20170731	1	900000000000207008	199229001	en	900000000000003001	Pre-existing type 1 diabetes mellitus (disorder)	900000000000448009
2967867012	20170731	1	900000000000207008	609562003	en	900000000000013009	Maturity onset diabetes of the young, type 1	900000000000448009
2967869010	20170731	1	900000000000207008	609565001	en	900000000000013009	Permanent neonatal diabetes mellitus	900000000000448009
2967870011	20170731	1	900000000000207008	609569007	en	900000000000003001	Diabetes mellitus due to genetic defect in insulin action (disorder)	900000000000448009
2967871010	20170731	1	900000000000207008	609577006	en	900000000000003001	Maturity-onset diabetes of the young, type 10 (disorder)	900000000000448009
2967872015	20170731	1	900000000000207008	609578001	en	900000000000003001	Maturity-onset diabetes of the young, type 11 (disorder)	900000000000448009
2967873013	20170731	1	900000000000207008	237627000	en	900000000000003001	Pregnancy and type 2 diabetes mellitus (disorder)	900000000000448009
2967875018	20170731	1	900000000000207008	237604008	en	900000000000013009	Maturity onset diabetes of the young, type 2	900000000000448009
2967877014	20170731	1	900000000000207008	609575003	en	900000000000013009	Maturity-onset diabetes of the young, type 8	900000000000448009
2967878016	20170731	1	900000000000207008	609564002	en	900000000000003001	Pre-existing type 1 diabetes mellitus in pregnancy (disorder)	900000000000448009
2967879012	20170731	1	900000000000207008	199229001	en	900000000000013009	Pre-existing type 1 diabetes mellitus	900000000000448009
2967880010	20170731	1	900000000000207008	609577006	en	900000000000013009	Maturity-onset diabetes of the young, type 10	900000000000448009
2967881014	20200131	1	900000000000207008	609568004	en	900000000000003001	Diabetes mellitus due to genetic defect in beta cell function (disorder)	900000000000448009
2967884018	20170731	1	900000000000207008	609561005	en	900000000000013009	Maturity-onset diabetes of the young	900000000000448009
2967885017	20170731	1	900000000000207008	609574004	en	900000000000003001	Maturity-onset diabetes of the young, type 7 (disorder)	900000000000448009
2967886016	20170731	1	900000000000207008	609580007	en	900000000000013009	Diabetes mellitus, transient neonatal 2	900000000000448009
2967887013	20170731	1	900000000000207008	609573005	en	900000000000013009	Maturity-onset diabetes of the young, type 6	900000000000448009
2967888015	20170731	1	900000000000207008	609566000	en	900000000000003001	Pregnancy and type 1 diabetes mellitus (disorder)	900000000000448009
3004430017	20170731	1	900000000000207008	10754881000119104	en	900000000000003001	Diabetes mellitus in mother complicating childbirth (disorder)	900000000000448009
3004434014	20170731	1	900000000000207008	10754881000119104	en	900000000000013009	Diabetes mellitus in mother complicating childbirth	900000000000448009
3004494012	20170731	1	900000000000207008	10754881000119104	en	900000000000013009	Diabetes mellitus in childbirth	900000000000448009
3005559011	20170731	1	900000000000207008	10753491000119101	en	900000000000003001	Gestational diabetes mellitus in childbirth (disorder)	900000000000448009
3005607010	20170731	1	900000000000207008	10753491000119101	en	900000000000013009	Gestational diabetes mellitus in childbirth	900000000000448009
3005698014	20170731	1	900000000000207008	40791000119105	en	900000000000003001	Postpartum gestational diabetes mellitus (disorder)	900000000000448009
3005715016	20170731	1	900000000000207008	40791000119105	en	900000000000013009	Postpartum gestational diabetes mellitus	900000000000448009
3005757010	20170731	1	900000000000207008	106281000119103	en	900000000000003001	Pre-existing diabetes mellitus in mother complicating childbirth (disorder)	900000000000448009
3005777015	20170731	1	900000000000207008	106281000119103	en	900000000000013009	Pre-existing diabetes mellitus in childbirth	900000000000448009
3005790010	20170731	1	900000000000207008	106281000119103	en	900000000000013009	Pre-existing diabetes mellitus in mother complicating childbirth	900000000000448009
3005798015	20170731	1	900000000000207008	40791000119105	en	900000000000013009	Gestational diabetes, delivered	900000000000448009
3007223019	20140731	1	900000000000207008	703137001	en	900000000000003001	Type I diabetes mellitus in remission (disorder)	900000000000020002
3007235015	20140731	1	900000000000207008	703138006	en	900000000000003001	Type II diabetes mellitus in remission (disorder)	900000000000020002
3007238018	20140731	1	900000000000207008	703137001	en	900000000000013009	Type I diabetes mellitus in remission	900000000000020002
3007241010	20140731	1	900000000000207008	703138006	en	900000000000013009	Type II diabetes mellitus in remission	900000000000020002
3007257010	20170731	1	900000000000207008	703136005	en	900000000000003001	Diabetes mellitus in remission (disorder)	900000000000448009
3007259013	20170731	1	900000000000207008	703138006	en	900000000000013009	Type 2 diabetes mellitus in remission	900000000000448009
3007272014	20170731	1	900000000000207008	703136005	en	900000000000013009	Diabetes mellitus in remission	900000000000448009
3007274010	20170731	1	900000000000207008	703137001	en	900000000000013009	Type 1 diabetes mellitus in remission	900000000000448009
3010652019	20170731	1	900000000000207008	105401000119101	en	900000000000003001	Diabetes mellitus due to pancreatic injury (disorder)	900000000000448009
3011059015	20170731	1	900000000000207008	105401000119101	en	900000000000013009	Diabetes mellitus due to pancreatic injury	900000000000448009
3013049012	20170731	1	900000000000207008	1481000119100	en	900000000000013009	Diabetes mellitus type 2 without retinopathy	900000000000448009
3013091014	20170731	1	900000000000207008	1481000119100	en	900000000000003001	Diabetes mellitus type 2 without retinopathy (disorder)	900000000000448009
3013433017	20170731	1	900000000000207008	164971000119101	en	900000000000013009	Type 2 diabetes mellitus controlled by diet	900000000000448009
3013926012	20170731	1	900000000000207008	31321000119102	en	900000000000003001	Diabetes mellitus type 1 without retinopathy (disorder)	900000000000448009
3013981017	20170731	1	900000000000207008	31321000119102	en	900000000000013009	Diabetes mellitus type 1 without retinopathy	900000000000448009
3037103012	20170731	1	900000000000207008	237599002	en	900000000000013009	Diabetes type 2 on insulin	900000000000448009
3038864015	20170731	1	900000000000207008	709147009	en	900000000000013009	Gingivitis co-occurrent with diabetes mellitus	900000000000448009
3038893015	20170731	1	900000000000207008	709147009	en	900000000000003001	Gingivitis co-occurrent with diabetes mellitus (disorder)	900000000000448009
3290289016	20160131	1	900000000000207008	408540003	en	900000000000013009	DM caused by non-steroid drug	900000000000017005
3290335016	20170731	1	900000000000207008	408540003	en	900000000000003001	Diabetes mellitus caused by non-steroid drugs (disorder)	900000000000448009
3290374011	20170731	1	900000000000207008	408540003	en	900000000000013009	Diabetes mellitus caused by non-steroid drugs	900000000000448009
3291372015	20170731	1	900000000000207008	75682002	en	900000000000003001	Diabetes mellitus caused by insulin receptor antibodies (disorder)	900000000000448009
3291658019	20170731	1	900000000000207008	75682002	en	900000000000013009	Diabetes mellitus caused by insulin receptor antibodies	900000000000448009
3301670017	20170731	1	900000000000207008	40801000119106	en	900000000000013009	Gestational diabetes mellitus complicating pregnancy	900000000000448009
3301681019	20170731	1	900000000000207008	40801000119106	en	900000000000003001	Gestational diabetes mellitus complicating pregnancy (disorder)	900000000000448009
3305693015	20170731	1	900000000000207008	716362006	en	900000000000003001	Gingival disease co-occurrent with diabetes mellitus (disorder)	900000000000448009
3305694014	20170731	1	900000000000207008	716362006	en	900000000000013009	Gingival disease co-occurrent with diabetes mellitus	900000000000448009
3321113016	20170731	1	900000000000207008	720519003	en	900000000000003001	Atherosclerosis, deafness, diabetes, epilepsy, nephropathy syndrome (disorder)	900000000000448009
3321114010	20170731	1	900000000000207008	720519003	en	900000000000013009	Atherosclerosis, deafness, diabetes, epilepsy, nephropathy syndrome	900000000000448009
3321115011	20170131	1	900000000000207008	720519003	en	900000000000013009	Feigenbaum Bergeron Richardson syndrome	900000000000017005
3321322011	20170731	1	900000000000207008	443694000	en	900000000000013009	Type 2 diabetes mellitus uncontrolled	900000000000448009
3323444010	20170731	1	900000000000207008	721088003	en	900000000000003001	Developmental delay, epilepsy, neonatal diabetes syndrome (disorder)	900000000000448009
3323445011	20170731	1	900000000000207008	721088003	en	900000000000013009	Developmental delay, epilepsy, neonatal diabetes syndrome	900000000000448009
3323446012	20170131	1	900000000000207008	721088003	en	900000000000013009	DEND syndrome	900000000000017005
3323447015	20170131	1	900000000000207008	721088003	en	900000000000013009	DEND (developmental delay, epilepsy, neonatal diabetes) syndrome	900000000000017005
3331146016	20170731	1	900000000000207008	722206009	en	900000000000003001	Pancreatic hypoplasia, diabetes mellitus, congenital heart disease syndrome (disorder)	900000000000448009
3331148015	20170731	1	900000000000207008	722206009	en	900000000000013009	Pancreatic hypoplasia, diabetes mellitus, congenital heart disease syndrome	900000000000448009
3331149011	20170131	1	900000000000207008	722206009	en	900000000000013009	Yorifuji Okuno syndrome	900000000000017005
3332204018	20170731	1	900000000000207008	722454003	en	900000000000003001	Intellectual disability, craniofacial dysmorphism, hypogonadism, diabetes mellitus syndrome (disorder)	900000000000448009
3332205017	20170731	1	900000000000207008	722454003	en	900000000000013009	Intellectual disability, craniofacial dysmorphism, hypogonadism, diabetes mellitus syndrome	900000000000448009
3332207013	20170131	1	900000000000207008	722454003	en	900000000000013009	Mental retardation syndrome Belgian type	900000000000020002
3334353019	20170731	1	900000000000207008	530558861000132104	en	900000000000003001	Atypical diabetes mellitus (disorder)	900000000000448009
3334354013	20170731	1	900000000000207008	530558861000132104	en	900000000000013009	Atypical diabetes mellitus	900000000000448009
3334355014	20170131	1	900000000000207008	530558861000132104	en	900000000000013009	ADM - atypical diabetes mellitus	900000000000017005
3435008016	20170731	1	900000000000207008	609572000	en	900000000000013009	MODY5 - maturity-onset diabetes of the young type 5	900000000000017005
3435009012	20170731	1	900000000000207008	609572000	en	900000000000013009	Renal cysts and diabetes syndrome	900000000000448009
3481742011	20170731	1	900000000000207008	724067006	en	900000000000003001	Permanent neonatal diabetes mellitus with cerebellar agenesis syndrome (disorder)	900000000000448009
3481743018	20170731	1	900000000000207008	724067006	en	900000000000013009	Permanent neonatal diabetes mellitus with cerebellar agenesis syndrome	900000000000448009
3481744012	20170731	1	900000000000207008	724067006	en	900000000000013009	Pancreatic and cerebellar agenesis syndrome	900000000000448009
3481936019	20170731	1	900000000000207008	734022008	en	900000000000003001	Wolfram-like syndrome (disorder)	900000000000017005
3481937011	20170731	1	900000000000207008	734022008	en	900000000000013009	Wolfram-like syndrome	900000000000017005
3498678018	20170731	1	900000000000207008	733072002	en	900000000000013009	Stimmler syndrome	900000000000017005
3498679014	20170731	1	900000000000207008	733072002	en	900000000000013009	Alaninuria, microcephaly, dwarfism, enamel hypoplasia, diabetes mellitus syndrome	900000000000448009
3498680012	20170731	1	900000000000207008	733072002	en	900000000000003001	Alaninuria, microcephaly, dwarfism, enamel hypoplasia, diabetes mellitus syndrome (disorder)	900000000000448009
3527173013	20180131	1	900000000000207008	737212004	en	900000000000003001	Diabetes mellitus caused by chemical (disorder)	900000000000448009
3527174019	20180131	1	900000000000207008	737212004	en	900000000000013009	Diabetes mellitus caused by chemical	900000000000448009
3527175018	20180131	1	900000000000207008	737212004	en	900000000000013009	Chemical-induced diabetes mellitus	900000000000448009
3541846014	20180131	1	900000000000207008	237617006	en	900000000000013009	Thiamine-responsive megaloblastic anemia syndrome	900000000000448009
3541847017	20180131	1	900000000000207008	237617006	en	900000000000013009	Thiamine-responsive megaloblastic anaemia syndrome	900000000000448009
3747154016	20190131	1	900000000000207008	609561005	en	900000000000013009	MODY - maturity onset diabetes of young	900000000000017005
3755628017	20190731	1	900000000000207008	782755007	en	900000000000003001	Primary microcephaly, mild intellectual disability, young-onset diabetes syndrome (disorder)	900000000000448009
3755629013	20190731	1	900000000000207008	782755007	en	900000000000013009	Primary microcephaly, mild intellectual disability, young-onset diabetes syndrome	900000000000448009
3756085012	20190731	1	900000000000207008	782825008	en	900000000000013009	Primary microcephaly, epilepsy, permanent neonatal diabetes syndrome	900000000000448009
3756086013	20190731	1	900000000000207008	782825008	en	900000000000003001	Primary microcephaly, epilepsy, permanent neonatal diabetes syndrome (disorder)	900000000000448009
3759938019	20190731	1	900000000000207008	783722008	en	900000000000003001	Myopathy and diabetes mellitus (disorder)	900000000000448009
3759940012	20190731	1	900000000000207008	783722008	en	900000000000013009	Myopathy and diabetes mellitus	900000000000448009
3800355010	20200131	1	900000000000207008	201000119106	en	900000000000003001	Disorder due to well controlled type 2 diabetes mellitus (disorder)	900000000000448009
3800356011	20200131	1	900000000000207008	201000119106	en	900000000000013009	Disorder due to well controlled type 2 diabetes mellitus	900000000000448009
3850112013	20200131	1	900000000000207008	816067005	en	900000000000013009	Diabetes, hypogonadism, deafness, intellectual disability syndrome	900000000000448009
3850113015	20200131	1	900000000000207008	816067005	en	900000000000013009	Woodhouse Sakati syndrome	900000000000017005
3850114014	20200131	1	900000000000207008	816067005	en	900000000000003001	Diabetes, hypogonadism, deafness, intellectual disability syndrome (disorder)	900000000000448009
3873807012	20200131	1	900000000000207008	51002006	en	900000000000013009	Pancreatogenic type 3c diabetes mellitus	900000000000448009
3969967019	20200731	1	900000000000207008	870528001	en	900000000000013009	Newly diagnosed diabetes mellitus type 1	900000000000448009
3969968012	20200731	1	900000000000207008	870528001	en	900000000000013009	Newly diagnosed type 1 diabetes mellitus	900000000000448009
4009473018	20210131	1	900000000000207008	890171006	en	900000000000013009	Ketosis-prone diabetes mellitus	900000000000448009
4009474012	20210131	1	900000000000207008	890171006	en	900000000000003001	Ketosis-prone diabetes mellitus (disorder)	900000000000448009
4536478018	20210731	1	900000000000207008	1142044000	en	900000000000013009	Pre-existing malnutrition-related diabetes mellitus in pregnancy	900000000000448009
4536479014	20210731	1	900000000000207008	1142044000	en	900000000000003001	Pre-existing malnutrition-related diabetes mellitus in pregnancy (disorder)	900000000000448009
4571144010	20210731	1	900000000000207008	44054006	en	900000000000013009	T2DM - diabetes mellitus type 2	900000000000017005
4571145011	20210731	1	900000000000207008	46635009	en	900000000000013009	T1DM - type 1 diabetes mellitus	900000000000017005
4635909014	20210930	1	900000000000207008	609562003	en	900000000000013009	HNF4A (hepatocyte nuclear factor 4 alpha) monogenic diabetes mellitus	900000000000017005
4635910016	20210930	1	900000000000207008	609572000	en	900000000000013009	HNF1B-MODY - HNF1 homeobox B maturity-onset diabetes of the young type 5	900000000000017005
4635911017	20210930	1	900000000000207008	609572000	en	900000000000013009	HNF1B (HNF1 homeobox B) monogenic diabetes mellitus	900000000000017005
4635912012	20210930	1	900000000000207008	609572000	en	900000000000013009	HNF1B monogenic diabetes mellitus	900000000000017005
4635913019	20210930	1	900000000000207008	237604008	en	900000000000013009	GCK (glucokinase) monogenic diabetes mellitus	900000000000017005
4687927014	20220131	1	900000000000207008	237611007	en	900000000000013009	Furukawa Takagi Nakao syndrome	900000000000017005
4697288011	20220228	1	900000000000207008	1197592001	en	900000000000013009	Intrauterine growth restriction, short stature, early adult-onset diabetes syndrome	900000000000448009
4697289015	20220228	1	900000000000207008	1197592001	en	900000000000003001	Intrauterine growth restriction, short stature, early adult-onset diabetes syndrome (disorder)	900000000000448009
5034533016	20220430	1	900000000000207008	1217044000	en	900000000000013009	Ketosis-resistant diabetes mellitus	900000000000448009
5034534010	20220430	1	900000000000207008	1217044000	en	900000000000003001	Ketosis-resistant diabetes mellitus (disorder)	900000000000448009
5034598011	20220430	1	900000000000207008	1217068008	en	900000000000003001	Fulminant type 1 diabetes mellitus (disorder)	900000000000448009
5034599015	20220430	1	900000000000207008	1217068008	en	900000000000013009	Fulminant type 1 diabetes mellitus	900000000000448009
5036261012	20220531	1	900000000000207008	23045005	en	900000000000013009	Immune-mediated type 1 diabetes mellitus	900000000000448009
5036262017	20220531	1	900000000000207008	28032008	en	900000000000013009	Idiopathic type 1 diabetes mellitus	900000000000448009
5145799012	20221031	1	900000000000207008	1255271005	en	900000000000013009	Juvenile-onset diabetes mellitus, central and peripheral neurodegeneration syndrome	900000000000448009
5145800011	20221031	1	900000000000207008	1255271005	en	900000000000013009	Combined cerebellar and peripheral ataxia, deafness, diabetes mellitus syndrome	900000000000448009
5145801010	20221031	1	900000000000207008	1255271005	en	900000000000013009	Combined cerebellar and peripheral ataxia, hearing loss, diabetes mellitus syndrome	900000000000448009
5159108019	20221231	1	900000000000207008	75022004	en	900000000000003001	Gestational diabetes mellitus class A1 (disorder)	900000000000020002
5159109010	20221231	1	900000000000207008	75022004	en	900000000000013009	Gestational diabetes mellitus class A1	900000000000020002
5159110017	20221231	1	900000000000207008	46894009	en	900000000000003001	Gestational diabetes mellitus class A2 (disorder)	900000000000020002
5159111018	20221231	1	900000000000207008	46894009	en	900000000000013009	Gestational diabetes mellitus class A2	900000000000020002
5244172012	20230531	1	900000000000207008	11687002	en	900000000000013009	GDM - gestational diabetes mellitus	900000000000017005
5244184014	20230531	1	900000000000207008	75524006	en	900000000000013009	MRDM - malnutrition related diabetes mellitus	900000000000017005
5246515012	20230630	1	900000000000207008	609575003	en	900000000000013009	MODY8 (maturity-onset diabetes of the young type 8)	900000000000017005
5246516013	20230630	1	900000000000207008	609576002	en	900000000000013009	MODY9 (maturity-onset diabetes of the young type 9)	900000000000017005
5246517016	20230630	1	900000000000207008	609571007	en	900000000000013009	MODY4 (maturity-onset diabetes of the young type 4)	900000000000017005
5246519018	20230630	1	900000000000207008	609573005	en	900000000000013009	MODY6 (maturity-onset diabetes of the young type 6)	900000000000017005
5246520012	20230630	1	900000000000207008	609570008	en	900000000000013009	MODY3 (maturity-onset diabetes of the young type 3)	900000000000017005
5246521011	20230630	1	900000000000207008	609562003	en	900000000000013009	MODY1 (maturity onset diabetes of the young type 1)	900000000000017005
5246522016	20230630	1	900000000000207008	237604008	en	900000000000013009	MODY2 (maturity onset diabetes of the young type 2)	900000000000017005
5246524015	20230630	1	900000000000207008	609574004	en	900000000000013009	MODY7 (maturity-onset diabetes of the young type 7)	900000000000017005
5246525019	20230630	1	900000000000207008	609578001	en	900000000000013009	MODY11 (maturity-onset diabetes of the young type 11)	900000000000017005
5246526018	20230630	1	900000000000207008	609577006	en	900000000000013009	MODY10 (maturity-onset diabetes of the young type 10)	900000000000017005
5247886017	20230630	1	900000000000207008	70694009	en	900000000000003001	Wolfram syndrome (disorder)	900000000000017005
5247887014	20230630	1	900000000000207008	70694009	en	900000000000013009	DIDMOAD (diabetes insipidus, diabetes mellitus, optic atrophy, deafness) syndrome	900000000000017005
5247892011	20230630	1	900000000000207008	1285518004	en	900000000000013009	Wolfram syndrome type I	900000000000017005
5247893018	20230630	1	900000000000207008	1285518004	en	900000000000003001	Wolfram syndrome type 1 (disorder)	900000000000017005
5247894012	20230630	1	900000000000207008	1285518004	en	900000000000013009	Wolfram syndrome type 1	900000000000017005
5247895013	20230630	1	900000000000207008	1285518004	en	900000000000013009	WFS1 - Wolfram syndrome-1	900000000000017005
5247896014	20230630	1	900000000000207008	1285519007	en	900000000000013009	Wolfram syndrome type 2	900000000000017005
5247897017	20230630	1	900000000000207008	1285519007	en	900000000000013009	Wolfram syndrome type II	900000000000017005
5247898010	20230630	1	900000000000207008	1285519007	en	900000000000003001	Wolfram syndrome type 2 (disorder)	900000000000017005
5247899019	20230630	1	900000000000207008	1285519007	en	900000000000013009	WFS2 - Wolfram syndrome-2	900000000000017005
5267057013	20230901	1	900000000000207008	1290118005	en	900000000000013009	Presymptomatic T1DM (type 1 diabetes mellitus)	900000000000020002
5267058015	20230901	1	900000000000207008	1290118005	en	900000000000013009	Presymptomatic diabetes mellitus type 1	900000000000448009
5267059011	20230901	1	900000000000207008	1290118005	en	900000000000003001	Presymptomatic diabetes mellitus type 1 (disorder)	900000000000448009
5267060018	20230901	1	900000000000207008	1290118005	en	900000000000013009	Presymptomatic type 1 diabetes mellitus	900000000000448009
5283834014	20231201	1	900000000000207008	237619009	en	900000000000003001	Maternally inherited diabetes and deafness (disorder)	900000000000448009
5283835010	20231201	1	900000000000207008	237619009	en	900000000000013009	Maternally inherited diabetes and deafness	900000000000448009
5283836011	20231201	1	900000000000207008	237619009	en	900000000000013009	MIDD - maternally inherited diabetes and deafness	900000000000017005
5283837019	20231201	1	900000000000207008	237619009	en	900000000000013009	Maternally-inherited diabetes and hearing loss	900000000000448009
5283838012	20231201	1	900000000000207008	237619009	en	900000000000013009	Mitochondrial diabetes	900000000000448009
5298648010	20240201	1	900000000000207008	290002008	en	900000000000003001	Brittle type 1 diabetes mellitus (disorder)	900000000000448009
5298650019	20240201	1	900000000000207008	445353002	en	900000000000003001	Brittle type 2 diabetes mellitus (disorder)	900000000000448009
5298756015	20240201	1	900000000000207008	444073006	en	900000000000003001	Uncontrolled type 1 diabetes mellitus (disorder)	900000000000448009
5298757012	20240201	1	900000000000207008	444073006	en	900000000000013009	Uncontrolled type 1 diabetes mellitus	900000000000448009
5298758019	20240201	1	900000000000207008	472699005	en	900000000000003001	Uncontrolled gestational diabetes mellitus (disorder)	900000000000448009
5298759010	20240201	1	900000000000207008	472699005	en	900000000000013009	Uncontrolled gestational diabetes mellitus	900000000000448009
5298760017	20240201	1	900000000000207008	443694000	en	900000000000003001	Uncontrolled type 2 diabetes mellitus (disorder)	900000000000448009
5298761018	20240201	1	900000000000207008	443694000	en	900000000000013009	Uncontrolled type 2 diabetes mellitus	900000000000448009
5298764014	20240201	1	900000000000207008	444074000	en	900000000000003001	Well controlled type 1 diabetes mellitus (disorder)	900000000000448009
5298765010	20240201	1	900000000000207008	444074000	en	900000000000013009	Well controlled type 1 diabetes mellitus	900000000000448009
5298796018	20240201	1	900000000000207008	870528001	en	900000000000003001	Newly diagnosed type 1 diabetes mellitus (disorder)	900000000000448009
5298797010	20240201	1	900000000000207008	444110003	en	900000000000003001	Well controlled type 2 diabetes mellitus (disorder)	900000000000448009
5298798017	20240201	1	900000000000207008	444110003	en	900000000000013009	Well controlled type 2 diabetes mellitus	900000000000448009
5298799013	20240201	1	900000000000207008	164971000119101	en	900000000000003001	Type 2 diabetes mellitus controlled by diet (disorder)	900000000000448009
5298800012	20240201	1	900000000000207008	405749004	en	900000000000003001	Newly diagnosed diabetes (disorder)	900000000000448009
5308232015	20240301	1	900000000000207008	1303868000	en	900000000000013009	Intermediate DEND syndrome	900000000000020002
5308233013	20240301	1	900000000000207008	1303868000	en	900000000000003001	Developmental delay, epilepsy, neonatal diabetes syndrome, intermediate form (disorder)	900000000000448009
5308234019	20240301	1	900000000000207008	1303868000	en	900000000000013009	Developmental delay, epilepsy, neonatal diabetes syndrome, intermediate form	900000000000448009
5308236017	20240301	1	900000000000207008	1303868000	en	900000000000013009	Intermediate DEND (developmental delay, epilepsy, neonatal diabetes) syndrome	900000000000020002
5447079011	20250401	1	900000000000207008	1255271005	en	900000000000003001	Type 1 diabetes mellitus, central and peripheral neurodegeneration syndrome (disorder)	900000000000448009
5447080014	20250401	1	900000000000207008	1255271005	en	900000000000013009	Type 1 diabetes mellitus, central and peripheral neurodegeneration syndrome	900000000000448009
